{
  "hash": "dfa33eb7",
  "configHash": "4bac7940",
  "lockfileHash": "4b257f1e",
  "browserHash": "908cb2b2",
  "optimized": {
    "@angular/common/http": {
      "src": "../../../../../../node_modules/@angular/common/fesm2022/http.mjs",
      "file": "@angular_common_http.js",
      "fileHash": "caddf6a2",
      "needsInterop": false
    },
    "@angular/core": {
      "src": "../../../../../../node_modules/@angular/core/fesm2022/core.mjs",
      "file": "@angular_core.js",
      "fileHash": "6aa8a1de",
      "needsInterop": false
    },
    "@angular/forms": {
      "src": "../../../../../../node_modules/@angular/forms/fesm2022/forms.mjs",
      "file": "@angular_forms.js",
      "fileHash": "236e4fb4",
      "needsInterop": false
    },
    "@angular/platform-browser": {
      "src": "../../../../../../node_modules/@angular/platform-browser/fesm2022/platform-browser.mjs",
      "file": "@angular_platform-browser.js",
      "fileHash": "2c26b6c5",
      "needsInterop": false
    },
    "@angular/router": {
      "src": "../../../../../../node_modules/@angular/router/fesm2022/router.mjs",
      "file": "@angular_router.js",
      "fileHash": "654848fd",
      "needsInterop": false
    },
    "primeng/button": {
      "src": "../../../../../../node_modules/primeng/fesm2022/primeng-button.mjs",
      "file": "primeng_button.js",
      "fileHash": "436d1fd9",
      "needsInterop": false
    },
    "primeng/checkbox": {
      "src": "../../../../../../node_modules/primeng/fesm2022/primeng-checkbox.mjs",
      "file": "primeng_checkbox.js",
      "fileHash": "45b2bb44",
      "needsInterop": false
    }
  },
  "chunks": {
    "chunk-QV4GNDZU": {
      "file": "chunk-QV4GNDZU.js"
    },
    "chunk-37KPIJNB": {
      "file": "chunk-37KPIJNB.js"
    },
    "chunk-BUKTN7JX": {
      "file": "chunk-BUKTN7JX.js"
    },
    "chunk-V7F3VP7J": {
      "file": "chunk-V7F3VP7J.js"
    },
    "chunk-WSCT7BZE": {
      "file": "chunk-WSCT7BZE.js"
    },
    "chunk-PSGA3BG2": {
      "file": "chunk-PSGA3BG2.js"
    }
  }
}